{"Linear_Regression": 1.0, "K_Neighbors_Regressor": 0.9851260294820293, "Random_Forest": 0.9999130197482622, "SVR": 0.9958305900831965, "Decision_Tree": 0.9999040831276704}